0,Received from Client,SREM K0
0,Sent to Client,b'\x02 SREM 0 \x03 '
0,Received from Client,AKON K0
0,Sent to Client,b'\x02 AKON 0 0.2 \x03 '
0,Received from Client,AKON K0
0,Sent to Client,b'\x02 AKON 0 0.2 \x03 '
0,Received from Client,AKON K0
0,Sent to Client,b'\x02 AKON 0 0.2 \x03 '
0,Received from Client,AKON K0
0,Sent to Client,b'\x02 AKON 0 0.2 \x03 '
0,Received from Client,AKON K0
0,Sent to Client,b'\x02 AKON 0 0.2 \x03 '
0,Received from Client,AKON K0
0,Sent to Client,b'\x02 AKON 0 0.2 \x03 '
0,Received from Client,AKON K0
0,Sent to Client,b'\x02 AKON 0 0.2 \x03 '
0,Received from Client,AKON K0
0,Sent to Client,b'\x02 AKON 0 0.2 \x03 '
0,Received from Client,AKON K0
0,Sent to Client,b'\x02 AKON 0 0.2 \x03 '
0,Received from Client,AKON K0
0,Sent to Client,b'\x02 AKON 0 0.2 \x03 '
0,Received from Client,AKON K0
0,Sent to Client,b'\x02 AKON 0 0.2 \x03 '
0,Received from Client,SNKA K0
0,Sent to Client,b'\x02 SNKA 0 \x03 '
0,Received from Client,AKON K0
0,Sent to Client,b'\x02 AKON 0 0.2 \x03 '
0,Received from Client,AKON K0
0,Sent to Client,b'\x02 AKON 0 0.2 \x03 '
0,Received from Client,AKON K0
0,Sent to Client,b'\x02 AKON 0 0.2 \x03 '
0,Received from Client,AKON K0
0,Sent to Client,b'\x02 AKON 0 0.2 \x03 '
0,Received from Client,AKON K0
0,Sent to Client,b'\x02 AKON 0 0.2 \x03 '
0,Received from Client,AKON K0
0,Sent to Client,b'\x02 AKON 0 0.2 \x03 '
0,Received from Client,AKON K0
0,Sent to Client,b'\x02 AKON 0 0.2 \x03 '
0,Received from Client,AKON K0
0,Sent to Client,b'\x02 AKON 0 0.2 \x03 '
0,Received from Client,AKON K0
0,Sent to Client,b'\x02 AKON 0 0.2 \x03 '
0,Received from Client,AKON K0
0,Sent to Client,b'\x02 AKON 0 0.2 \x03 '
0,Received from Client,AKON K0
0,Sent to Client,b'\x02 AKON 0 0.2 \x03 '
0,Received from Client,AKON K0
0,Sent to Client,b'\x02 AKON 0 0.2 \x03 '
0,Received from Client,AKON K0
0,Sent to Client,b'\x02 AKON 0 0.2 \x03 '
0,Received from Client,AKON K0
0,Sent to Client,b'\x02 AKON 0 0.2 \x03 '
0,Received from Client,AKON K0
0,Sent to Client,b'\x02 AKON 0 0.2 \x03 '
0,Received from Client,AKON K0
0,Sent to Client,b'\x02 AKON 0 0.2 \x03 '
0,Received from Client,AKON K0
0,Sent to Client,b'\x02 AKON 0 0.2 \x03 '
0,Received from Client,AKON K0
0,Sent to Client,b'\x02 AKON 0 0.2 \x03 '
0,Received from Client,AKON K0
0,Sent to Client,b'\x02 AKON 0 0.2 \x03 '
0,Received from Client,AKON K0
0,Sent to Client,b'\x02 AKON 0 0.2 \x03 '
0,Received from Client,AKON K0
0,Sent to Client,b'\x02 AKON 0 0.2 \x03 '
0,Received from Client,AKON K0
0,Sent to Client,b'\x02 AKON 0 0.2 \x03 '
0,Received from Client,AKON K0
0,Sent to Client,b'\x02 AKON 0 0.2 \x03 '
0,Received from Client,AKON K0
0,Sent to Client,b'\x02 AKON 0 0.2 \x03 '
0,Received from Client,AKON K0
0,Sent to Client,b'\x02 AKON 0 0.2 \x03 '
0,Received from Client,AKON K0
0,Sent to Client,b'\x02 AKON 0 0.2 \x03 '
0,Received from Client,AKON K0
0,Sent to Client,b'\x02 AKON 0 0.2 \x03 '
0,Received from Client,AKON K0
0,Sent to Client,b'\x02 AKON 0 0.2 \x03 '
0,Received from Client,AKON K0
0,Sent to Client,b'\x02 AKON 0 0.2 \x03 '
0,Received from Client,AKON K0
0,Sent to Client,b'\x02 AKON 0 0.2 \x03 '
0,Received from Client,AKON K0
0,Sent to Client,b'\x02 AKON 0 0.2 \x03 '
0,Received from Client,AKON K0
0,Sent to Client,b'\x02 AKON 0 0.2 \x03 '
0,Received from Client,AKON K0
0,Sent to Client,b'\x02 AKON 0 0.2 \x03 '
0,Received from Client,AKON K0
0,Sent to Client,b'\x02 AKON 0 0.2 \x03 '
0,Received from Client,SPAU K0
0,Sent to Client,b'\x02 SPAU 0 \x03 '
0,Received from Client,SSPL K0
0,Sent to Client,b'\x02 SSPL 0 \x03 '
0,Received from Client,AKON K0
0,Sent to Client,b'\x02 AKON 0 0.2 \x03 '
0,Received from Client,AKON K0
0,Sent to Client,b'\x02 AKON 0 0.2 \x03 '
0,Received from Client,AKON K0
0,Sent to Client,b'\x02 AKON 0 0.2 \x03 '
0,Received from Client,AKON K0
0,Sent to Client,b'\x02 AKON 0 0.2 \x03 '
0,Received from Client,SSPL K0
0,Sent to Client,b'\x02 SSPL 0 \x03 '
0,Received from Client,SMAN K0
0,Sent to Client,b'\x02 SMAN 0 \x03 '
